"STATION","DATE","LATITUDE","LONGITUDE","ELEVATION","NAME","PRCP","PRCP_ATTRIBUTES","SNOW","SNOW_ATTRIBUTES","SNWD","SNWD_ATTRIBUTES"
"FRW00034071","1959-11-02","49.11667","5.46667","372.2","VERDUN, FR",,,"    0",",,X","    0",",,X"
"FRW00034071","1959-11-03","49.11667","5.46667","372.2","VERDUN, FR",,,"    0",",,X","    0",",,X"
"FRW00034071","1959-11-04","49.11667","5.46667","372.2","VERDUN, FR",,,"    0",",,X","    0",",,X"
"FRW00034071","1959-11-05","49.11667","5.46667","372.2","VERDUN, FR",,,"    0",",,X","    0",",,X"
"FRW00034071","1959-11-06","49.11667","5.46667","372.2","VERDUN, FR",,,"    0",",,X","    0",",,X"
"FRW00034071","1959-11-09","49.11667","5.46667","372.2","VERDUN, FR",,,"    0",",,X","    0",",,X"
"FRW00034071","1959-11-10","49.11667","5.46667","372.2","VERDUN, FR",,,"    0",",,X","    0",",,X"
"FRW00034071","1959-11-12","49.11667","5.46667","372.2","VERDUN, FR",,,"    0",",,X","    0",",,X"
"FRW00034071","1959-11-13","49.11667","5.46667","372.2","VERDUN, FR",,,"    0",",,X","    0",",,X"
"FRW00034071","1959-11-16","49.11667","5.46667","372.2","VERDUN, FR",,,"    0",",,X","    0",",,X"
"FRW00034071","1959-11-17","49.11667","5.46667","372.2","VERDUN, FR",,,"    0",",,X","    0",",,X"
"FRW00034071","1959-11-18","49.11667","5.46667","372.2","VERDUN, FR",,,"    0",",,X","    0",",,X"
"FRW00034071","1959-11-19","49.11667","5.46667","372.2","VERDUN, FR",,,"    0",",,X","    0",",,X"
"FRW00034071","1959-11-20","49.11667","5.46667","372.2","VERDUN, FR",,,"    0",",,X","    0",",,X"
"FRW00034071","1959-11-23","49.11667","5.46667","372.2","VERDUN, FR",,,"    0",",,X","    0",",,X"
"FRW00034071","1959-11-24","49.11667","5.46667","372.2","VERDUN, FR",,,"    0",",,X","    0",",,X"
"FRW00034071","1959-11-25","49.11667","5.46667","372.2","VERDUN, FR",,,"    0",",,X","    0",",,X"
"FRW00034071","1959-11-27","49.11667","5.46667","372.2","VERDUN, FR",,,"    0",",,X","    0",",,X"
"FRW00034071","1959-11-30","49.11667","5.46667","372.2","VERDUN, FR",,,"    0",",,X","    0",",,X"
"FRW00034071","1962-02-12","49.11667","5.46667","372.2","VERDUN, FR",,,,,"    0",",,X"
"FRW00034071","1962-02-13","49.11667","5.46667","372.2","VERDUN, FR",,,,,"    0",",,X"
"FRW00034071","1962-02-14","49.11667","5.46667","372.2","VERDUN, FR",,,,,"   25",",,X"
"FRW00034071","1962-02-15","49.11667","5.46667","372.2","VERDUN, FR",,,,,"   51",",,X"
"FRW00034071","1962-02-16","49.11667","5.46667","372.2","VERDUN, FR",,,,,"    0","T,,X"
"FRW00034071","1962-02-19","49.11667","5.46667","372.2","VERDUN, FR",,,,,"    0",",,X"
"FRW00034071","1962-02-20","49.11667","5.46667","372.2","VERDUN, FR",,,,,"    0",",,X"
"FRW00034071","1962-02-21","49.11667","5.46667","372.2","VERDUN, FR",,,,,"    0",",,X"
"FRW00034071","1962-02-23","49.11667","5.46667","372.2","VERDUN, FR",,,,,"    0",",,X"
"FRW00034071","1962-02-26","49.11667","5.46667","372.2","VERDUN, FR",,,,,"    0","T,,X"
"FRW00034071","1962-02-27","49.11667","5.46667","372.2","VERDUN, FR",,,,,"    0","T,,X"
"FRW00034071","1962-02-28","49.11667","5.46667","372.2","VERDUN, FR",,,,,"    0",",,X"
"FRW00034071","1962-03-01","49.11667","5.46667","372.2","VERDUN, FR",,,,,"    0","T,,X"
"FRW00034071","1962-03-02","49.11667","5.46667","372.2","VERDUN, FR",,,,,"    0","T,,X"
"FRW00034071","1962-03-06","49.11667","5.46667","372.2","VERDUN, FR",,,,,"  127",",,X"
"FRW00034071","1962-03-07","49.11667","5.46667","372.2","VERDUN, FR",,,,,"  102",",,X"
"FRW00034071","1962-03-08","49.11667","5.46667","372.2","VERDUN, FR",,,,,"   51",",,X"
"FRW00034071","1962-03-09","49.11667","5.46667","372.2","VERDUN, FR",,,,,"   25",",,X"
"FRW00034071","1962-03-12","49.11667","5.46667","372.2","VERDUN, FR",,,,,"    0",",,X"
"FRW00034071","1962-03-13","49.11667","5.46667","372.2","VERDUN, FR",,,,,"    0",",,X"
"FRW00034071","1962-03-14","49.11667","5.46667","372.2","VERDUN, FR",,,,,"    0",",,X"
"FRW00034071","1962-03-15","49.11667","5.46667","372.2","VERDUN, FR",,,,,"    0",",,X"
"FRW00034071","1962-03-16","49.11667","5.46667","372.2","VERDUN, FR",,,,,"    0",",,X"
"FRW00034071","1962-03-19","49.11667","5.46667","372.2","VERDUN, FR",,,,,"    0",",,X"
"FRW00034071","1962-03-20","49.11667","5.46667","372.2","VERDUN, FR",,,,,"    0",",,X"
"FRW00034071","1962-03-21","49.11667","5.46667","372.2","VERDUN, FR",,,,,"    0",",,X"
"FRW00034071","1962-03-22","49.11667","5.46667","372.2","VERDUN, FR",,,,,"    0",",,X"
"FRW00034071","1962-03-23","49.11667","5.46667","372.2","VERDUN, FR",,,,,"    0",",,X"
"FRW00034071","1962-03-26","49.11667","5.46667","372.2","VERDUN, FR",,,,,"    0",",,X"
"FRW00034071","1962-03-27","49.11667","5.46667","372.2","VERDUN, FR",,,,,"    0",",,X"
"FRW00034071","1962-03-28","49.11667","5.46667","372.2","VERDUN, FR",,,,,"    0",",,X"
"FRW00034071","1962-03-29","49.11667","5.46667","372.2","VERDUN, FR",,,,,"    0",",,X"
"FRW00034071","1962-03-30","49.11667","5.46667","372.2","VERDUN, FR",,,,,"    0",",,X"
"FRW00034071","1962-04-02","49.11667","5.46667","372.2","VERDUN, FR",,,,,"    0",",,X"
"FRW00034071","1962-04-03","49.11667","5.46667","372.2","VERDUN, FR",,,,,"    0",",,X"
"FRW00034071","1962-04-04","49.11667","5.46667","372.2","VERDUN, FR",,,,,"    0",",,X"
"FRW00034071","1962-04-05","49.11667","5.46667","372.2","VERDUN, FR",,,,,"    0",",,X"
"FRW00034071","1962-04-06","49.11667","5.46667","372.2","VERDUN, FR",,,,,"    0",",,X"
"FRW00034071","1962-04-09","49.11667","5.46667","372.2","VERDUN, FR",,,,,"    0",",,X"
"FRW00034071","1962-04-10","49.11667","5.46667","372.2","VERDUN, FR",,,,,"    0",",,X"
"FRW00034071","1962-04-11","49.11667","5.46667","372.2","VERDUN, FR",,,,,"    0",",,X"
"FRW00034071","1962-04-12","49.11667","5.46667","372.2","VERDUN, FR",,,,,"    0",",,X"
"FRW00034071","1962-04-13","49.11667","5.46667","372.2","VERDUN, FR",,,,,"    0",",,X"
"FRW00034071","1962-04-16","49.11667","5.46667","372.2","VERDUN, FR",,,,,"    0",",,X"
"FRW00034071","1962-04-17","49.11667","5.46667","372.2","VERDUN, FR",,,,,"    0",",,X"
"FRW00034071","1962-04-18","49.11667","5.46667","372.2","VERDUN, FR",,,,,"    0",",,X"
"FRW00034071","1962-04-19","49.11667","5.46667","372.2","VERDUN, FR",,,,,"    0",",,X"
"FRW00034071","1962-04-20","49.11667","5.46667","372.2","VERDUN, FR",,,,,"    0",",,X"
"FRW00034071","1962-04-23","49.11667","5.46667","372.2","VERDUN, FR",,,,,"    0",",,X"
"FRW00034071","1962-04-24","49.11667","5.46667","372.2","VERDUN, FR",,,,,"    0",",,X"
"FRW00034071","1962-04-25","49.11667","5.46667","372.2","VERDUN, FR",,,,,"    0",",,X"
"FRW00034071","1962-04-26","49.11667","5.46667","372.2","VERDUN, FR",,,,,"    0",",,X"
"FRW00034071","1962-04-27","49.11667","5.46667","372.2","VERDUN, FR",,,,,"    0",",,X"
"FRW00034071","1962-04-30","49.11667","5.46667","372.2","VERDUN, FR",,,,,"    0",",,X"
"FRW00034071","1962-05-01","49.11667","5.46667","372.2","VERDUN, FR",,,,,"    0",",,X"
"FRW00034071","1962-05-02","49.11667","5.46667","372.2","VERDUN, FR",,,,,"    0",",,X"
"FRW00034071","1962-05-03","49.11667","5.46667","372.2","VERDUN, FR",,,,,"    0",",,X"
"FRW00034071","1962-05-04","49.11667","5.46667","372.2","VERDUN, FR",,,,,"    0",",,X"
"FRW00034071","1962-05-07","49.11667","5.46667","372.2","VERDUN, FR",,,,,"    0",",,X"
"FRW00034071","1962-05-08","49.11667","5.46667","372.2","VERDUN, FR",,,,,"    0",",,X"
"FRW00034071","1962-05-09","49.11667","5.46667","372.2","VERDUN, FR",,,,,"    0",",,X"
"FRW00034071","1962-05-10","49.11667","5.46667","372.2","VERDUN, FR",,,,,"    0",",,X"
"FRW00034071","1962-05-11","49.11667","5.46667","372.2","VERDUN, FR",,,,,"    0",",,X"
"FRW00034071","1962-05-14","49.11667","5.46667","372.2","VERDUN, FR",,,,,"    0",",,X"
"FRW00034071","1962-05-15","49.11667","5.46667","372.2","VERDUN, FR",,,,,"    0",",,X"
"FRW00034071","1962-05-16","49.11667","5.46667","372.2","VERDUN, FR",,,,,"    0",",,X"
"FRW00034071","1962-05-17","49.11667","5.46667","372.2","VERDUN, FR",,,,,"    0",",,X"
"FRW00034071","1962-05-18","49.11667","5.46667","372.2","VERDUN, FR",,,,,"    0",",,X"
"FRW00034071","1962-05-21","49.11667","5.46667","372.2","VERDUN, FR",,,,,"    0",",,X"
"FRW00034071","1962-05-22","49.11667","5.46667","372.2","VERDUN, FR",,,,,"    0",",,X"
"FRW00034071","1962-05-23","49.11667","5.46667","372.2","VERDUN, FR",,,,,"    0",",,X"
"FRW00034071","1962-05-24","49.11667","5.46667","372.2","VERDUN, FR",,,,,"    0",",,X"
"FRW00034071","1962-05-25","49.11667","5.46667","372.2","VERDUN, FR",,,,,"    0",",,X"
"FRW00034071","1962-05-28","49.11667","5.46667","372.2","VERDUN, FR",,,,,"    0",",,X"
"FRW00034071","1962-05-29","49.11667","5.46667","372.2","VERDUN, FR",,,,,"    0",",,X"
"FRW00034071","1962-05-31","49.11667","5.46667","372.2","VERDUN, FR",,,,,"    0",",,X"
"FRW00034071","1962-06-01","49.11667","5.46667","372.2","VERDUN, FR",,,,,"    0",",,X"
"FRW00034071","1962-06-04","49.11667","5.46667","372.2","VERDUN, FR",,,,,"    0",",,X"
"FRW00034071","1962-06-05","49.11667","5.46667","372.2","VERDUN, FR",,,,,"    0",",,X"
"FRW00034071","1962-06-06","49.11667","5.46667","372.2","VERDUN, FR",,,,,"    0",",,X"
"FRW00034071","1962-06-07","49.11667","5.46667","372.2","VERDUN, FR",,,,,"    0",",,X"
"FRW00034071","1962-06-08","49.11667","5.46667","372.2","VERDUN, FR",,,,,"    0",",,X"
"FRW00034071","1962-06-11","49.11667","5.46667","372.2","VERDUN, FR",,,,,"    0",",,X"
"FRW00034071","1962-06-12","49.11667","5.46667","372.2","VERDUN, FR",,,,,"    0",",,X"
"FRW00034071","1962-06-13","49.11667","5.46667","372.2","VERDUN, FR",,,,,"    0",",,X"
"FRW00034071","1962-06-14","49.11667","5.46667","372.2","VERDUN, FR",,,,,"    0",",,X"
"FRW00034071","1962-06-15","49.11667","5.46667","372.2","VERDUN, FR",,,,,"    0",",,X"
"FRW00034071","1962-06-18","49.11667","5.46667","372.2","VERDUN, FR",,,,,"    0",",,X"
"FRW00034071","1962-06-19","49.11667","5.46667","372.2","VERDUN, FR",,,,,"    0",",,X"
"FRW00034071","1962-06-20","49.11667","5.46667","372.2","VERDUN, FR",,,,,"    0",",,X"
"FRW00034071","1962-06-21","49.11667","5.46667","372.2","VERDUN, FR",,,,,"    0",",,X"
"FRW00034071","1962-06-22","49.11667","5.46667","372.2","VERDUN, FR",,,,,"    0",",,X"
"FRW00034071","1962-06-25","49.11667","5.46667","372.2","VERDUN, FR",,,,,"    0",",,X"
"FRW00034071","1962-06-26","49.11667","5.46667","372.2","VERDUN, FR",,,,,"    0",",,X"
"FRW00034071","1962-06-27","49.11667","5.46667","372.2","VERDUN, FR",,,,,"    0",",,X"
"FRW00034071","1962-06-28","49.11667","5.46667","372.2","VERDUN, FR",,,,,"    0",",,X"
"FRW00034071","1962-06-29","49.11667","5.46667","372.2","VERDUN, FR",,,,,"    0",",,X"
"FRW00034071","1962-07-02","49.11667","5.46667","372.2","VERDUN, FR",,,,,"    0",",,X"
"FRW00034071","1962-07-03","49.11667","5.46667","372.2","VERDUN, FR",,,,,"    0",",,X"
"FRW00034071","1962-07-05","49.11667","5.46667","372.2","VERDUN, FR",,,,,"    0",",,X"
"FRW00034071","1962-07-06","49.11667","5.46667","372.2","VERDUN, FR",,,,,"    0",",,X"
"FRW00034071","1962-07-09","49.11667","5.46667","372.2","VERDUN, FR",,,,,"    0",",,X"
"FRW00034071","1962-07-10","49.11667","5.46667","372.2","VERDUN, FR",,,,,"    0",",,X"
"FRW00034071","1962-07-11","49.11667","5.46667","372.2","VERDUN, FR",,,,,"    0",",,X"
"FRW00034071","1962-07-12","49.11667","5.46667","372.2","VERDUN, FR",,,,,"    0",",,X"
"FRW00034071","1962-07-13","49.11667","5.46667","372.2","VERDUN, FR",,,,,"    0",",,X"
"FRW00034071","1962-07-16","49.11667","5.46667","372.2","VERDUN, FR",,,,,"    0",",,X"
"FRW00034071","1962-07-17","49.11667","5.46667","372.2","VERDUN, FR",,,,,"    0",",,X"
"FRW00034071","1962-07-18","49.11667","5.46667","372.2","VERDUN, FR",,,,,"    0",",,X"
"FRW00034071","1962-07-19","49.11667","5.46667","372.2","VERDUN, FR",,,,,"    0",",,X"
"FRW00034071","1962-07-20","49.11667","5.46667","372.2","VERDUN, FR",,,,,"    0",",,X"
"FRW00034071","1962-07-23","49.11667","5.46667","372.2","VERDUN, FR",,,,,"    0",",,X"
"FRW00034071","1962-07-24","49.11667","5.46667","372.2","VERDUN, FR",,,,,"    0",",,X"
"FRW00034071","1962-07-25","49.11667","5.46667","372.2","VERDUN, FR",,,,,"    0",",,X"
"FRW00034071","1962-07-26","49.11667","5.46667","372.2","VERDUN, FR",,,,,"    0",",,X"
"FRW00034071","1962-07-27","49.11667","5.46667","372.2","VERDUN, FR",,,,,"    0",",,X"
"FRW00034071","1962-07-30","49.11667","5.46667","372.2","VERDUN, FR",,,,,"    0",",,X"
"FRW00034071","1962-07-31","49.11667","5.46667","372.2","VERDUN, FR",,,,,"    0",",,X"
"FRW00034071","1962-08-01","49.11667","5.46667","372.2","VERDUN, FR",,,,,"    0",",,X"
"FRW00034071","1962-08-02","49.11667","5.46667","372.2","VERDUN, FR",,,,,"    0",",,X"
"FRW00034071","1962-08-03","49.11667","5.46667","372.2","VERDUN, FR",,,,,"    0",",,X"
"FRW00034071","1962-08-06","49.11667","5.46667","372.2","VERDUN, FR",,,,,"    0",",,X"
"FRW00034071","1962-08-07","49.11667","5.46667","372.2","VERDUN, FR",,,,,"    0",",,X"
"FRW00034071","1962-08-08","49.11667","5.46667","372.2","VERDUN, FR",,,,,"    0",",,X"
"FRW00034071","1962-08-09","49.11667","5.46667","372.2","VERDUN, FR",,,,,"    0",",,X"
"FRW00034071","1962-08-10","49.11667","5.46667","372.2","VERDUN, FR",,,,,"    0",",,X"
"FRW00034071","1962-08-13","49.11667","5.46667","372.2","VERDUN, FR",,,,,"    0",",,X"
"FRW00034071","1962-08-14","49.11667","5.46667","372.2","VERDUN, FR",,,,,"    0",",,X"
"FRW00034071","1962-08-15","49.11667","5.46667","372.2","VERDUN, FR",,,,,"    0",",,X"
"FRW00034071","1962-08-16","49.11667","5.46667","372.2","VERDUN, FR",,,,,"    0",",,X"
"FRW00034071","1962-08-17","49.11667","5.46667","372.2","VERDUN, FR",,,,,"    0",",,X"
"FRW00034071","1962-08-20","49.11667","5.46667","372.2","VERDUN, FR",,,,,"    0",",,X"
"FRW00034071","1962-08-21","49.11667","5.46667","372.2","VERDUN, FR",,,,,"    0",",,X"
"FRW00034071","1962-08-22","49.11667","5.46667","372.2","VERDUN, FR",,,,,"    0",",,X"
"FRW00034071","1962-08-23","49.11667","5.46667","372.2","VERDUN, FR",,,,,"    0",",,X"
"FRW00034071","1962-08-24","49.11667","5.46667","372.2","VERDUN, FR",,,,,"    0",",,X"
"FRW00034071","1962-08-27","49.11667","5.46667","372.2","VERDUN, FR",,,,,"    0",",,X"
"FRW00034071","1962-08-28","49.11667","5.46667","372.2","VERDUN, FR",,,,,"    0",",,X"
"FRW00034071","1962-08-29","49.11667","5.46667","372.2","VERDUN, FR",,,,,"    0",",,X"
"FRW00034071","1962-08-30","49.11667","5.46667","372.2","VERDUN, FR",,,,,"    0",",,X"
"FRW00034071","1962-08-31","49.11667","5.46667","372.2","VERDUN, FR",,,,,"    0",",,X"
"FRW00034071","1962-09-04","49.11667","5.46667","372.2","VERDUN, FR",,,,,"    0",",,X"
"FRW00034071","1962-09-05","49.11667","5.46667","372.2","VERDUN, FR",,,,,"    0",",,X"
"FRW00034071","1962-09-06","49.11667","5.46667","372.2","VERDUN, FR",,,,,"    0",",,X"
"FRW00034071","1962-09-07","49.11667","5.46667","372.2","VERDUN, FR",,,,,"    0",",,X"
"FRW00034071","1962-09-10","49.11667","5.46667","372.2","VERDUN, FR",,,,,"    0",",,X"
"FRW00034071","1962-09-11","49.11667","5.46667","372.2","VERDUN, FR",,,,,"    0",",,X"
"FRW00034071","1962-09-12","49.11667","5.46667","372.2","VERDUN, FR",,,,,"    0",",,X"
"FRW00034071","1962-09-13","49.11667","5.46667","372.2","VERDUN, FR",,,,,"    0",",,X"
"FRW00034071","1962-09-14","49.11667","5.46667","372.2","VERDUN, FR",,,,,"    0",",,X"
"FRW00034071","1962-09-17","49.11667","5.46667","372.2","VERDUN, FR",,,,,"    0",",,X"
"FRW00034071","1962-09-18","49.11667","5.46667","372.2","VERDUN, FR",,,,,"    0",",,X"
"FRW00034071","1962-09-19","49.11667","5.46667","372.2","VERDUN, FR",,,,,"    0",",,X"
"FRW00034071","1962-09-20","49.11667","5.46667","372.2","VERDUN, FR",,,,,"    0",",,X"
"FRW00034071","1962-09-21","49.11667","5.46667","372.2","VERDUN, FR",,,,,"    0",",,X"
"FRW00034071","1962-09-24","49.11667","5.46667","372.2","VERDUN, FR",,,,,"    0",",,X"
"FRW00034071","1962-09-25","49.11667","5.46667","372.2","VERDUN, FR",,,,,"    0",",,X"
"FRW00034071","1962-09-26","49.11667","5.46667","372.2","VERDUN, FR",,,,,"    0",",,X"
"FRW00034071","1962-09-27","49.11667","5.46667","372.2","VERDUN, FR",,,,,"    0",",,X"
"FRW00034071","1962-09-28","49.11667","5.46667","372.2","VERDUN, FR",,,,,"    0",",,X"
"FRW00034071","1962-10-01","49.11667","5.46667","372.2","VERDUN, FR",,,,,"    0",",,X"
"FRW00034071","1962-10-02","49.11667","5.46667","372.2","VERDUN, FR",,,,,"    0",",,X"
"FRW00034071","1962-10-03","49.11667","5.46667","372.2","VERDUN, FR",,,,,"    0",",,X"
"FRW00034071","1962-10-04","49.11667","5.46667","372.2","VERDUN, FR",,,,,"    0",",,X"
"FRW00034071","1962-10-05","49.11667","5.46667","372.2","VERDUN, FR",,,,,"    0",",,X"
"FRW00034071","1962-10-08","49.11667","5.46667","372.2","VERDUN, FR",,,,,"    0",",,X"
"FRW00034071","1962-10-09","49.11667","5.46667","372.2","VERDUN, FR",,,,,"    0",",,X"
"FRW00034071","1962-10-10","49.11667","5.46667","372.2","VERDUN, FR",,,,,"    0",",,X"
"FRW00034071","1962-10-11","49.11667","5.46667","372.2","VERDUN, FR",,,,,"    0",",,X"
"FRW00034071","1962-10-12","49.11667","5.46667","372.2","VERDUN, FR",,,,,"    0",",,X"
"FRW00034071","1962-10-15","49.11667","5.46667","372.2","VERDUN, FR",,,,,"    0",",,X"
"FRW00034071","1962-10-16","49.11667","5.46667","372.2","VERDUN, FR",,,,,"    0",",,X"
"FRW00034071","1962-10-17","49.11667","5.46667","372.2","VERDUN, FR",,,,,"    0",",,X"
"FRW00034071","1962-10-18","49.11667","5.46667","372.2","VERDUN, FR",,,,,"    0",",,X"
"FRW00034071","1962-10-19","49.11667","5.46667","372.2","VERDUN, FR",,,,,"    0",",,X"
"FRW00034071","1962-10-22","49.11667","5.46667","372.2","VERDUN, FR",,,,,"    0",",,X"
"FRW00034071","1962-10-23","49.11667","5.46667","372.2","VERDUN, FR",,,,,"    0",",,X"
"FRW00034071","1962-10-24","49.11667","5.46667","372.2","VERDUN, FR",,,,,"    0",",,X"
"FRW00034071","1962-10-25","49.11667","5.46667","372.2","VERDUN, FR",,,,,"    0",",,X"
"FRW00034071","1962-10-26","49.11667","5.46667","372.2","VERDUN, FR",,,,,"    0",",,X"
"FRW00034071","1962-10-29","49.11667","5.46667","372.2","VERDUN, FR",,,,,"    0",",,X"
"FRW00034071","1962-10-30","49.11667","5.46667","372.2","VERDUN, FR",,,,,"    0",",,X"
"FRW00034071","1962-10-31","49.11667","5.46667","372.2","VERDUN, FR",,,,,"    0",",,X"
"FRW00034071","1962-11-01","49.11667","5.46667","372.2","VERDUN, FR",,,,,"    0",",,X"
"FRW00034071","1962-11-02","49.11667","5.46667","372.2","VERDUN, FR",,,,,"    0",",,X"
"FRW00034071","1962-11-05","49.11667","5.46667","372.2","VERDUN, FR",,,,,"    0",",,X"
"FRW00034071","1962-11-06","49.11667","5.46667","372.2","VERDUN, FR",,,,,"    0",",,X"
"FRW00034071","1962-11-07","49.11667","5.46667","372.2","VERDUN, FR",,,,,"    0",",,X"
"FRW00034071","1962-11-08","49.11667","5.46667","372.2","VERDUN, FR",,,,,"    0",",,X"
"FRW00034071","1962-11-09","49.11667","5.46667","372.2","VERDUN, FR",,,,,"    0",",,X"
"FRW00034071","1962-11-13","49.11667","5.46667","372.2","VERDUN, FR",,,,,"    0",",,X"
"FRW00034071","1962-11-14","49.11667","5.46667","372.2","VERDUN, FR",,,,,"    0",",,X"
"FRW00034071","1962-11-15","49.11667","5.46667","372.2","VERDUN, FR",,,,,"    0",",,X"
"FRW00034071","1962-11-16","49.11667","5.46667","372.2","VERDUN, FR",,,,,"    0",",,X"
"FRW00034071","1962-11-19","49.11667","5.46667","372.2","VERDUN, FR",,,,,"    0",",,X"
"FRW00034071","1962-11-20","49.11667","5.46667","372.2","VERDUN, FR",,,,,"    0",",,X"
"FRW00034071","1962-11-21","49.11667","5.46667","372.2","VERDUN, FR",,,,,"   76",",,X"
"FRW00034071","1962-11-23","49.11667","5.46667","372.2","VERDUN, FR",,,,,"   51",",,X"
"FRW00034071","1962-11-26","49.11667","5.46667","372.2","VERDUN, FR",,,,,"    0","T,,X"
"FRW00034071","1962-11-27","49.11667","5.46667","372.2","VERDUN, FR",,,,,"    0",",,X"
"FRW00034071","1962-11-28","49.11667","5.46667","372.2","VERDUN, FR",,,,,"    0",",,X"
"FRW00034071","1962-11-29","49.11667","5.46667","372.2","VERDUN, FR",,,,,"    0",",,X"
"FRW00034071","1962-11-30","49.11667","5.46667","372.2","VERDUN, FR",,,,,"    0",",,X"
"FRW00034071","1962-12-03","49.11667","5.46667","372.2","VERDUN, FR",,,,,"    0",",,X"
"FRW00034071","1962-12-04","49.11667","5.46667","372.2","VERDUN, FR",,,,,"    0",",,X"
"FRW00034071","1962-12-05","49.11667","5.46667","372.2","VERDUN, FR",,,,,"    0",",,X"
"FRW00034071","1962-12-06","49.11667","5.46667","372.2","VERDUN, FR",,,,,"    0",",,X"
"FRW00034071","1962-12-07","49.11667","5.46667","372.2","VERDUN, FR",,,,,"    0",",,X"
"FRW00034071","1962-12-10","49.11667","5.46667","372.2","VERDUN, FR",,,,,"    0",",,X"
"FRW00034071","1962-12-11","49.11667","5.46667","372.2","VERDUN, FR",,,,,"    0",",,X"
"FRW00034071","1962-12-12","49.11667","5.46667","372.2","VERDUN, FR",,,,,"    0",",,X"
"FRW00034071","1962-12-13","49.11667","5.46667","372.2","VERDUN, FR",,,,,"    0","T,,X"
"FRW00034071","1962-12-14","49.11667","5.46667","372.2","VERDUN, FR",,,,,"    0",",,X"
"FRW00034071","1962-12-17","49.11667","5.46667","372.2","VERDUN, FR",,,,,"    0",",,X"
"FRW00034071","1962-12-18","49.11667","5.46667","372.2","VERDUN, FR",,,,,"    0",",,X"
"FRW00034071","1962-12-19","49.11667","5.46667","372.2","VERDUN, FR",,,,,"    0",",,X"
"FRW00034071","1962-12-20","49.11667","5.46667","372.2","VERDUN, FR",,,,,"    0",",,X"
"FRW00034071","1962-12-21","49.11667","5.46667","372.2","VERDUN, FR",,,,,"    0",",,X"
"FRW00034071","1962-12-26","49.11667","5.46667","372.2","VERDUN, FR",,,,,"    0","T,,X"
"FRW00034071","1962-12-27","49.11667","5.46667","372.2","VERDUN, FR",,,,,"   25",",,X"
"FRW00034071","1962-12-28","49.11667","5.46667","372.2","VERDUN, FR",,,,,"    0","T,,X"
"FRW00034071","1962-12-31","49.11667","5.46667","372.2","VERDUN, FR",,,,,"    0",",,X"
"FRW00034071","1963-01-04","49.11667","5.46667","372.2","VERDUN, FR",,,,,"   51",",,X"
"FRW00034071","1963-01-07","49.11667","5.46667","372.2","VERDUN, FR",,,,,"    0","T,,X"
"FRW00034071","1963-01-08","49.11667","5.46667","372.2","VERDUN, FR",,,,,"    0","T,,X"
"FRW00034071","1963-01-09","49.11667","5.46667","372.2","VERDUN, FR",,,,,"    0","T,,X"
"FRW00034071","1963-01-10","49.11667","5.46667","372.2","VERDUN, FR",,,,,"    0","T,,X"
"FRW00034071","1963-01-11","49.11667","5.46667","372.2","VERDUN, FR",,,,,"    0","T,,X"
"FRW00034071","1963-01-14","49.11667","5.46667","372.2","VERDUN, FR",,,,,"    0","T,,X"
"FRW00034071","1963-01-15","49.11667","5.46667","372.2","VERDUN, FR",,,,,"    0","T,,X"
"FRW00034071","1963-01-16","49.11667","5.46667","372.2","VERDUN, FR",,,,,"   25",",,X"
"FRW00034071","1963-01-17","49.11667","5.46667","372.2","VERDUN, FR",,,,,"   25",",,X"
"FRW00034071","1963-01-18","49.11667","5.46667","372.2","VERDUN, FR",,,,,"   25",",,X"
"FRW00034071","1963-01-21","49.11667","5.46667","372.2","VERDUN, FR",,,,,"    0","T,,X"
"FRW00034071","1963-01-22","49.11667","5.46667","372.2","VERDUN, FR",,,,,"    0","T,,X"
"FRW00034071","1963-01-23","49.11667","5.46667","372.2","VERDUN, FR",,,,,"    0","T,,X"
"FRW00034071","1963-01-24","49.11667","5.46667","372.2","VERDUN, FR",,,,,"    0","T,,X"
"FRW00034071","1963-01-25","49.11667","5.46667","372.2","VERDUN, FR",,,,,"    0","T,,X"
"FRW00034071","1963-01-28","49.11667","5.46667","372.2","VERDUN, FR",,,,,"    0","T,,X"
"FRW00034071","1963-01-29","49.11667","5.46667","372.2","VERDUN, FR",,,,,"   25",",,X"
"FRW00034071","1963-01-30","49.11667","5.46667","372.2","VERDUN, FR",,,,,"   51",",,X"
"FRW00034071","1963-01-31","49.11667","5.46667","372.2","VERDUN, FR",,,,,"   51",",,X"
"FRW00034071","1963-02-01","49.11667","5.46667","372.2","VERDUN, FR",,,,,"   51",",,X"
"FRW00034071","1963-02-04","49.11667","5.46667","372.2","VERDUN, FR",,,,,"   25",",,X"
"FRW00034071","1963-02-05","49.11667","5.46667","372.2","VERDUN, FR",,,,,"   25",",,X"
"FRW00034071","1963-02-06","49.11667","5.46667","372.2","VERDUN, FR",,,,,"   25",",,X"
"FRW00034071","1963-02-07","49.11667","5.46667","372.2","VERDUN, FR",,,,,"   25",",,X"
"FRW00034071","1963-02-08","49.11667","5.46667","372.2","VERDUN, FR",,,,,"    0","T,,X"
"FRW00034071","1963-02-11","49.11667","5.46667","372.2","VERDUN, FR",,,,,"    0","T,,X"
"FRW00034071","1963-02-12","49.11667","5.46667","372.2","VERDUN, FR",,,,,"   25",",,X"
"FRW00034071","1963-02-13","49.11667","5.46667","372.2","VERDUN, FR",,,,,"   76",",,X"
"FRW00034071","1963-02-14","49.11667","5.46667","372.2","VERDUN, FR",,,,,"   76",",,X"
"FRW00034071","1963-02-15","49.11667","5.46667","372.2","VERDUN, FR",,,,,"   76",",,X"
"FRW00034071","1963-02-18","49.11667","5.46667","372.2","VERDUN, FR",,,,,"    0","T,,X"
"FRW00034071","1963-02-19","49.11667","5.46667","372.2","VERDUN, FR",,,,,"   25",",,X"
"FRW00034071","1963-02-20","49.11667","5.46667","372.2","VERDUN, FR",,,,,"   25",",,X"
"FRW00034071","1963-02-21","49.11667","5.46667","372.2","VERDUN, FR",,,,,"   76",",,X"
"FRW00034071","1963-02-25","49.11667","5.46667","372.2","VERDUN, FR",,,,,"   51",",,X"
"FRW00034071","1963-02-26","49.11667","5.46667","372.2","VERDUN, FR",,,,,"   51",",,X"
"FRW00034071","1963-02-27","49.11667","5.46667","372.2","VERDUN, FR",,,,,"   25",",,X"
"FRW00034071","1963-02-28","49.11667","5.46667","372.2","VERDUN, FR",,,,,"    0","T,,X"
"FRW00034071","1963-03-01","49.11667","5.46667","372.2","VERDUN, FR",,,,,"    0","T,,X"
"FRW00034071","1963-03-04","49.11667","5.46667","372.2","VERDUN, FR",,,,,"    0","T,,X"
"FRW00034071","1963-03-05","49.11667","5.46667","372.2","VERDUN, FR",,,,,"    0",",,X"
"FRW00034071","1963-03-06","49.11667","5.46667","372.2","VERDUN, FR",,,,,"    0",",,X"
"FRW00034071","1963-03-07","49.11667","5.46667","372.2","VERDUN, FR",,,,,"    0",",,X"
"FRW00034071","1963-03-08","49.11667","5.46667","372.2","VERDUN, FR",,,,,"    0",",,X"
"FRW00034071","1963-03-11","49.11667","5.46667","372.2","VERDUN, FR",,,,,"    0",",,X"
"FRW00034071","1963-03-12","49.11667","5.46667","372.2","VERDUN, FR",,,,,"    0",",,X"
"FRW00034071","1963-03-13","49.11667","5.46667","372.2","VERDUN, FR",,,,,"    0",",,X"
"FRW00034071","1963-03-14","49.11667","5.46667","372.2","VERDUN, FR",,,,,"    0",",,X"
"FRW00034071","1963-03-15","49.11667","5.46667","372.2","VERDUN, FR",,,,,"    0",",,X"
"FRW00034071","1963-03-18","49.11667","5.46667","372.2","VERDUN, FR",,,,,"    0",",,X"
"FRW00034071","1963-03-19","49.11667","5.46667","372.2","VERDUN, FR",,,,,"    0",",,X"
"FRW00034071","1963-03-20","49.11667","5.46667","372.2","VERDUN, FR",,,,,"    0",",,X"
"FRW00034071","1963-03-21","49.11667","5.46667","372.2","VERDUN, FR",,,,,"    0",",,X"
"FRW00034071","1963-03-22","49.11667","5.46667","372.2","VERDUN, FR",,,,,"    0",",,X"
"FRW00034071","1963-03-25","49.11667","5.46667","372.2","VERDUN, FR",,,,,"    0",",,X"
"FRW00034071","1963-03-26","49.11667","5.46667","372.2","VERDUN, FR",,,,,"    0",",,X"
"FRW00034071","1963-03-27","49.11667","5.46667","372.2","VERDUN, FR",,,,,"    0",",,X"
"FRW00034071","1963-03-28","49.11667","5.46667","372.2","VERDUN, FR",,,,,"    0",",,X"
"FRW00034071","1963-03-29","49.11667","5.46667","372.2","VERDUN, FR",,,,,"    0",",,X"
"FRW00034071","1963-04-01","49.11667","5.46667","372.2","VERDUN, FR",,,,,"    0",",,X"
"FRW00034071","1963-04-02","49.11667","5.46667","372.2","VERDUN, FR",,,,,"    0",",,X"
"FRW00034071","1963-04-03","49.11667","5.46667","372.2","VERDUN, FR",,,,,"    0",",,X"
"FRW00034071","1963-04-04","49.11667","5.46667","372.2","VERDUN, FR",,,,,"    0",",,X"
"FRW00034071","1963-04-05","49.11667","5.46667","372.2","VERDUN, FR",,,,,"    0",",,X"
"FRW00034071","1963-04-08","49.11667","5.46667","372.2","VERDUN, FR",,,,,"    0",",,X"
"FRW00034071","1963-04-09","49.11667","5.46667","372.2","VERDUN, FR",,,,,"    0",",,X"
"FRW00034071","1963-04-10","49.11667","5.46667","372.2","VERDUN, FR",,,,,"    0",",,X"
"FRW00034071","1963-04-11","49.11667","5.46667","372.2","VERDUN, FR",,,,,"    0",",,X"
"FRW00034071","1963-04-12","49.11667","5.46667","372.2","VERDUN, FR",,,,,"    0",",,X"
"FRW00034071","1963-04-15","49.11667","5.46667","372.2","VERDUN, FR",,,,,"    0",",,X"
"FRW00034071","1963-04-16","49.11667","5.46667","372.2","VERDUN, FR",,,,,"    0",",,X"
"FRW00034071","1963-04-17","49.11667","5.46667","372.2","VERDUN, FR",,,,,"    0",",,X"
"FRW00034071","1963-04-18","49.11667","5.46667","372.2","VERDUN, FR",,,,,"    0",",,X"
"FRW00034071","1963-04-19","49.11667","5.46667","372.2","VERDUN, FR",,,,,"    0",",,X"
"FRW00034071","1963-04-22","49.11667","5.46667","372.2","VERDUN, FR",,,,,"    0",",,X"
"FRW00034071","1963-04-23","49.11667","5.46667","372.2","VERDUN, FR",,,,,"    0",",,X"
"FRW00034071","1963-04-24","49.11667","5.46667","372.2","VERDUN, FR",,,,,"    0",",,X"
"FRW00034071","1963-04-25","49.11667","5.46667","372.2","VERDUN, FR",,,,,"    0",",,X"
"FRW00034071","1963-04-26","49.11667","5.46667","372.2","VERDUN, FR",,,,,"    0",",,X"
"FRW00034071","1963-04-29","49.11667","5.46667","372.2","VERDUN, FR",,,,,"    0",",,X"
"FRW00034071","1963-04-30","49.11667","5.46667","372.2","VERDUN, FR",,,,,"    0",",,X"
"FRW00034071","1963-05-01","49.11667","5.46667","372.2","VERDUN, FR",,,,,"    0",",,X"
"FRW00034071","1963-05-02","49.11667","5.46667","372.2","VERDUN, FR",,,,,"    0",",,X"
"FRW00034071","1963-05-03","49.11667","5.46667","372.2","VERDUN, FR",,,,,"    0",",,X"
"FRW00034071","1963-05-06","49.11667","5.46667","372.2","VERDUN, FR",,,,,"    0",",,X"
"FRW00034071","1963-05-07","49.11667","5.46667","372.2","VERDUN, FR",,,,,"    0",",,X"
"FRW00034071","1963-05-08","49.11667","5.46667","372.2","VERDUN, FR",,,,,"    0",",,X"
"FRW00034071","1963-05-09","49.11667","5.46667","372.2","VERDUN, FR",,,,,"    0",",,X"
"FRW00034071","1963-05-10","49.11667","5.46667","372.2","VERDUN, FR",,,,,"    0",",,X"
"FRW00034071","1963-05-13","49.11667","5.46667","372.2","VERDUN, FR",,,,,"    0",",,X"
"FRW00034071","1963-05-14","49.11667","5.46667","372.2","VERDUN, FR",,,,,"    0",",,X"
"FRW00034071","1963-05-15","49.11667","5.46667","372.2","VERDUN, FR",,,,,"    0",",,X"
"FRW00034071","1963-05-16","49.11667","5.46667","372.2","VERDUN, FR",,,,,"    0",",,X"
"FRW00034071","1963-05-17","49.11667","5.46667","372.2","VERDUN, FR",,,,,"    0",",,X"
"FRW00034071","1963-05-20","49.11667","5.46667","372.2","VERDUN, FR",,,,,"    0",",,X"
"FRW00034071","1963-05-21","49.11667","5.46667","372.2","VERDUN, FR",,,,,"    0",",,X"
"FRW00034071","1963-05-22","49.11667","5.46667","372.2","VERDUN, FR",,,,,"    0",",,X"
"FRW00034071","1963-05-23","49.11667","5.46667","372.2","VERDUN, FR",,,,,"    0",",,X"
"FRW00034071","1963-05-24","49.11667","5.46667","372.2","VERDUN, FR",,,,,"    0",",,X"
"FRW00034071","1963-05-27","49.11667","5.46667","372.2","VERDUN, FR",,,,,"    0",",,X"
"FRW00034071","1963-05-28","49.11667","5.46667","372.2","VERDUN, FR",,,,,"    0",",,X"
"FRW00034071","1963-05-29","49.11667","5.46667","372.2","VERDUN, FR",,,,,"    0",",,X"
"FRW00034071","1963-05-31","49.11667","5.46667","372.2","VERDUN, FR",,,,,"    0",",,X"
"FRW00034071","1963-06-03","49.11667","5.46667","372.2","VERDUN, FR",,,,,"    0",",,X"
"FRW00034071","1963-06-04","49.11667","5.46667","372.2","VERDUN, FR",,,,,"    0",",,X"
"FRW00034071","1963-06-05","49.11667","5.46667","372.2","VERDUN, FR",,,,,"    0",",,X"
"FRW00034071","1963-06-06","49.11667","5.46667","372.2","VERDUN, FR",,,,,"    0",",,X"
"FRW00034071","1963-06-07","49.11667","5.46667","372.2","VERDUN, FR",,,,,"    0",",,X"
"FRW00034071","1963-06-10","49.11667","5.46667","372.2","VERDUN, FR",,,,,"    0",",,X"
"FRW00034071","1963-06-11","49.11667","5.46667","372.2","VERDUN, FR",,,,,"    0",",,X"
"FRW00034071","1963-06-12","49.11667","5.46667","372.2","VERDUN, FR",,,,,"    0",",,X"
"FRW00034071","1963-06-13","49.11667","5.46667","372.2","VERDUN, FR",,,,,"    0",",,X"
"FRW00034071","1963-06-14","49.11667","5.46667","372.2","VERDUN, FR",,,,,"    0",",,X"
"FRW00034071","1963-06-17","49.11667","5.46667","372.2","VERDUN, FR",,,,,"    0",",,X"
"FRW00034071","1963-06-18","49.11667","5.46667","372.2","VERDUN, FR",,,,,"    0",",,X"
"FRW00034071","1963-06-19","49.11667","5.46667","372.2","VERDUN, FR",,,,,"    0",",,X"
"FRW00034071","1963-06-20","49.11667","5.46667","372.2","VERDUN, FR",,,,,"    0",",,X"
"FRW00034071","1963-06-21","49.11667","5.46667","372.2","VERDUN, FR",,,,,"    0",",,X"
"FRW00034071","1963-06-24","49.11667","5.46667","372.2","VERDUN, FR",,,,,"    0",",,X"
"FRW00034071","1963-06-25","49.11667","5.46667","372.2","VERDUN, FR",,,,,"    0",",,X"
"FRW00034071","1963-06-26","49.11667","5.46667","372.2","VERDUN, FR",,,,,"    0",",,X"
"FRW00034071","1963-06-27","49.11667","5.46667","372.2","VERDUN, FR",,,,,"    0",",,X"
"FRW00034071","1963-06-28","49.11667","5.46667","372.2","VERDUN, FR",,,,,"    0",",,X"
"FRW00034071","1963-07-01","49.11667","5.46667","372.2","VERDUN, FR",,,,,"    0",",,X"
"FRW00034071","1963-07-02","49.11667","5.46667","372.2","VERDUN, FR",,,,,"    0",",,X"
"FRW00034071","1963-07-03","49.11667","5.46667","372.2","VERDUN, FR",,,,,"    0",",,X"
"FRW00034071","1963-07-05","49.11667","5.46667","372.2","VERDUN, FR",,,,,"    0",",,X"
"FRW00034071","1963-07-08","49.11667","5.46667","372.2","VERDUN, FR",,,,,"    0",",,X"
"FRW00034071","1963-07-09","49.11667","5.46667","372.2","VERDUN, FR",,,,,"    0",",,X"
"FRW00034071","1963-07-10","49.11667","5.46667","372.2","VERDUN, FR",,,,,"    0",",,X"
"FRW00034071","1963-07-11","49.11667","5.46667","372.2","VERDUN, FR",,,,,"    0",",,X"
"FRW00034071","1963-07-12","49.11667","5.46667","372.2","VERDUN, FR",,,,,"    0",",,X"
"FRW00034071","1963-07-15","49.11667","5.46667","372.2","VERDUN, FR",,,,,"    0",",,X"
"FRW00034071","1963-07-16","49.11667","5.46667","372.2","VERDUN, FR",,,,,"    0",",,X"
"FRW00034071","1963-07-17","49.11667","5.46667","372.2","VERDUN, FR",,,,,"    0",",,X"
"FRW00034071","1963-07-18","49.11667","5.46667","372.2","VERDUN, FR",,,,,"    0",",,X"
"FRW00034071","1963-07-19","49.11667","5.46667","372.2","VERDUN, FR",,,,,"    0",",,X"
"FRW00034071","1963-07-22","49.11667","5.46667","372.2","VERDUN, FR",,,,,"    0",",,X"
"FRW00034071","1963-07-23","49.11667","5.46667","372.2","VERDUN, FR",,,,,"    0",",,X"
"FRW00034071","1963-07-24","49.11667","5.46667","372.2","VERDUN, FR",,,,,"    0",",,X"
"FRW00034071","1963-07-25","49.11667","5.46667","372.2","VERDUN, FR",,,,,"    0",",,X"
"FRW00034071","1963-07-26","49.11667","5.46667","372.2","VERDUN, FR",,,,,"    0",",,X"
"FRW00034071","1963-07-29","49.11667","5.46667","372.2","VERDUN, FR",,,,,"    0",",,X"
"FRW00034071","1963-07-30","49.11667","5.46667","372.2","VERDUN, FR",,,,,"    0",",,X"
"FRW00034071","1963-07-31","49.11667","5.46667","372.2","VERDUN, FR",,,,,"    0",",,X"
"FRW00034071","1963-08-01","49.11667","5.46667","372.2","VERDUN, FR",,,,,"    0",",,X"
"FRW00034071","1963-08-02","49.11667","5.46667","372.2","VERDUN, FR",,,,,"    0",",,X"
"FRW00034071","1963-08-05","49.11667","5.46667","372.2","VERDUN, FR",,,,,"    0",",,X"
"FRW00034071","1963-08-06","49.11667","5.46667","372.2","VERDUN, FR",,,,,"    0",",,X"
"FRW00034071","1963-08-07","49.11667","5.46667","372.2","VERDUN, FR",,,,,"    0",",,X"
"FRW00034071","1963-08-08","49.11667","5.46667","372.2","VERDUN, FR",,,,,"    0",",,X"
"FRW00034071","1963-08-09","49.11667","5.46667","372.2","VERDUN, FR",,,,,"    0",",,X"
"FRW00034071","1963-08-12","49.11667","5.46667","372.2","VERDUN, FR",,,,,"    0",",,X"
"FRW00034071","1963-08-13","49.11667","5.46667","372.2","VERDUN, FR",,,,,"    0",",,X"
"FRW00034071","1963-08-14","49.11667","5.46667","372.2","VERDUN, FR",,,,,"    0",",,X"
"FRW00034071","1963-08-15","49.11667","5.46667","372.2","VERDUN, FR",,,,,"    0",",,X"
"FRW00034071","1963-08-16","49.11667","5.46667","372.2","VERDUN, FR",,,,,"    0",",,X"
"FRW00034071","1963-08-19","49.11667","5.46667","372.2","VERDUN, FR",,,,,"    0",",,X"
"FRW00034071","1963-08-20","49.11667","5.46667","372.2","VERDUN, FR",,,,,"    0",",,X"
"FRW00034071","1963-08-21","49.11667","5.46667","372.2","VERDUN, FR",,,,,"    0",",,X"
"FRW00034071","1963-08-22","49.11667","5.46667","372.2","VERDUN, FR",,,,,"    0",",,X"
"FRW00034071","1963-08-23","49.11667","5.46667","372.2","VERDUN, FR",,,,,"    0",",,X"
"FRW00034071","1963-08-26","49.11667","5.46667","372.2","VERDUN, FR",,,,,"    0",",,X"
"FRW00034071","1963-08-27","49.11667","5.46667","372.2","VERDUN, FR",,,,,"    0",",,X"
"FRW00034071","1963-08-28","49.11667","5.46667","372.2","VERDUN, FR",,,,,"    0",",,X"
"FRW00034071","1963-08-29","49.11667","5.46667","372.2","VERDUN, FR",,,,,"    0",",,X"
"FRW00034071","1963-08-30","49.11667","5.46667","372.2","VERDUN, FR",,,,,"    0",",,X"
"FRW00034071","1963-09-03","49.11667","5.46667","372.2","VERDUN, FR",,,,,"    0",",,X"
"FRW00034071","1963-09-04","49.11667","5.46667","372.2","VERDUN, FR",,,,,"    0",",,X"
"FRW00034071","1963-09-05","49.11667","5.46667","372.2","VERDUN, FR",,,,,"    0",",,X"
"FRW00034071","1963-09-06","49.11667","5.46667","372.2","VERDUN, FR",,,,,"    0",",,X"
"FRW00034071","1963-09-09","49.11667","5.46667","372.2","VERDUN, FR",,,,,"    0",",,X"
"FRW00034071","1963-09-10","49.11667","5.46667","372.2","VERDUN, FR",,,,,"    0",",,X"
"FRW00034071","1963-09-11","49.11667","5.46667","372.2","VERDUN, FR",,,,,"    0",",,X"
"FRW00034071","1963-09-12","49.11667","5.46667","372.2","VERDUN, FR",,,,,"    0",",,X"
"FRW00034071","1963-09-13","49.11667","5.46667","372.2","VERDUN, FR",,,,,"    0",",,X"
"FRW00034071","1963-09-16","49.11667","5.46667","372.2","VERDUN, FR",,,,,"    0",",,X"
"FRW00034071","1963-09-17","49.11667","5.46667","372.2","VERDUN, FR",,,,,"    0",",,X"
"FRW00034071","1963-09-18","49.11667","5.46667","372.2","VERDUN, FR",,,,,"    0",",,X"
"FRW00034071","1963-09-19","49.11667","5.46667","372.2","VERDUN, FR",,,,,"    0",",,X"
"FRW00034071","1963-09-20","49.11667","5.46667","372.2","VERDUN, FR",,,,,"    0",",,X"
"FRW00034071","1963-09-23","49.11667","5.46667","372.2","VERDUN, FR",,,,,"    0",",,X"
"FRW00034071","1963-09-24","49.11667","5.46667","372.2","VERDUN, FR",,,,,"    0",",,X"
"FRW00034071","1963-09-25","49.11667","5.46667","372.2","VERDUN, FR",,,,,"    0",",,X"
"FRW00034071","1963-09-26","49.11667","5.46667","372.2","VERDUN, FR",,,,,"    0",",,X"
"FRW00034071","1963-09-27","49.11667","5.46667","372.2","VERDUN, FR",,,,,"    0",",,X"
"FRW00034071","1963-09-30","49.11667","5.46667","372.2","VERDUN, FR",,,,,"    0",",,X"
"FRW00034071","1963-10-01","49.11667","5.46667","372.2","VERDUN, FR",,,,,"    0",",,X"
"FRW00034071","1963-10-02","49.11667","5.46667","372.2","VERDUN, FR",,,,,"    0",",,X"
"FRW00034071","1963-10-03","49.11667","5.46667","372.2","VERDUN, FR",,,,,"    0",",,X"
"FRW00034071","1963-10-04","49.11667","5.46667","372.2","VERDUN, FR",,,,,"    0",",,X"
"FRW00034071","1963-10-07","49.11667","5.46667","372.2","VERDUN, FR",,,,,"    0",",,X"
"FRW00034071","1963-10-08","49.11667","5.46667","372.2","VERDUN, FR",,,,,"    0",",,X"
"FRW00034071","1963-10-09","49.11667","5.46667","372.2","VERDUN, FR",,,,,"    0",",,X"
"FRW00034071","1963-10-10","49.11667","5.46667","372.2","VERDUN, FR",,,,,"    0",",,X"
"FRW00034071","1963-10-11","49.11667","5.46667","372.2","VERDUN, FR",,,,,"    0",",,X"
"FRW00034071","1963-10-14","49.11667","5.46667","372.2","VERDUN, FR",,,,,"    0",",,X"
"FRW00034071","1963-10-15","49.11667","5.46667","372.2","VERDUN, FR",,,,,"    0",",,X"
"FRW00034071","1963-10-16","49.11667","5.46667","372.2","VERDUN, FR",,,,,"    0",",,X"
"FRW00034071","1963-10-17","49.11667","5.46667","372.2","VERDUN, FR",,,,,"    0",",,X"
"FRW00034071","1963-10-18","49.11667","5.46667","372.2","VERDUN, FR",,,,,"    0",",,X"
"FRW00034071","1963-10-21","49.11667","5.46667","372.2","VERDUN, FR",,,,,"    0",",,X"
"FRW00034071","1963-10-22","49.11667","5.46667","372.2","VERDUN, FR",,,,,"    0",",,X"
"FRW00034071","1963-10-23","49.11667","5.46667","372.2","VERDUN, FR",,,,,"    0",",,X"
"FRW00034071","1963-10-24","49.11667","5.46667","372.2","VERDUN, FR",,,,,"    0",",,X"
"FRW00034071","1963-10-25","49.11667","5.46667","372.2","VERDUN, FR",,,,,"    0",",,X"
"FRW00034071","1963-10-28","49.11667","5.46667","372.2","VERDUN, FR",,,,,"    0",",,X"
"FRW00034071","1963-10-29","49.11667","5.46667","372.2","VERDUN, FR",,,,,"    0",",,X"
"FRW00034071","1963-10-30","49.11667","5.46667","372.2","VERDUN, FR",,,,,"    0",",,X"
"FRW00034071","1963-10-31","49.11667","5.46667","372.2","VERDUN, FR",,,,,"    0",",,X"
"FRW00034071","1963-11-01","49.11667","5.46667","372.2","VERDUN, FR",,,,,"    0",",,X"
"FRW00034071","1963-11-04","49.11667","5.46667","372.2","VERDUN, FR",,,,,"    0",",,X"
"FRW00034071","1963-11-05","49.11667","5.46667","372.2","VERDUN, FR",,,,,"    0",",,X"
"FRW00034071","1963-11-06","49.11667","5.46667","372.2","VERDUN, FR",,,,,"    0",",,X"
"FRW00034071","1963-11-07","49.11667","5.46667","372.2","VERDUN, FR",,,,,"    0",",,X"
"FRW00034071","1963-11-08","49.11667","5.46667","372.2","VERDUN, FR",,,,,"    0",",,X"
"FRW00034071","1963-11-12","49.11667","5.46667","372.2","VERDUN, FR",,,,,"    0",",,X"
"FRW00034071","1963-11-13","49.11667","5.46667","372.2","VERDUN, FR",,,,,"    0",",,X"
"FRW00034071","1963-11-14","49.11667","5.46667","372.2","VERDUN, FR",,,,,"    0",",,X"
"FRW00034071","1963-11-15","49.11667","5.46667","372.2","VERDUN, FR",,,,,"    0",",,X"
"FRW00034071","1963-11-18","49.11667","5.46667","372.2","VERDUN, FR",,,,,"    0",",,X"
"FRW00034071","1963-11-19","49.11667","5.46667","372.2","VERDUN, FR",,,,,"    0",",,X"
"FRW00034071","1963-11-20","49.11667","5.46667","372.2","VERDUN, FR",,,,,"    0",",,X"
"FRW00034071","1963-11-21","49.11667","5.46667","372.2","VERDUN, FR",,,,,"    0",",,X"
"FRW00034071","1963-11-22","49.11667","5.46667","372.2","VERDUN, FR",,,,,"    0",",,X"
"FRW00034071","1963-11-26","49.11667","5.46667","372.2","VERDUN, FR",,,,,"    0",",,X"
"FRW00034071","1963-11-27","49.11667","5.46667","372.2","VERDUN, FR",,,,,"    0",",,X"
"FRW00034071","1963-11-29","49.11667","5.46667","372.2","VERDUN, FR",,,,,"    0",",,X"
"FRW00034071","1963-12-02","49.11667","5.46667","372.2","VERDUN, FR",,,,,"    0",",,X"
"FRW00034071","1963-12-03","49.11667","5.46667","372.2","VERDUN, FR",,,,,"    0",",,X"
"FRW00034071","1963-12-04","49.11667","5.46667","372.2","VERDUN, FR",,,,,"    0",",,X"
"FRW00034071","1963-12-05","49.11667","5.46667","372.2","VERDUN, FR",,,,,"    0",",,X"
"FRW00034071","1963-12-06","49.11667","5.46667","372.2","VERDUN, FR",,,,,"    0",",,X"
"FRW00034071","1963-12-09","49.11667","5.46667","372.2","VERDUN, FR",,,,,"    0",",,X"
"FRW00034071","1963-12-10","49.11667","5.46667","372.2","VERDUN, FR",,,,,"    0","T,,X"
"FRW00034071","1963-12-11","49.11667","5.46667","372.2","VERDUN, FR",,,,,"    0",",,X"
"FRW00034071","1963-12-12","49.11667","5.46667","372.2","VERDUN, FR",,,,,"    0","T,,X"
"FRW00034071","1963-12-13","49.11667","5.46667","372.2","VERDUN, FR",,,,,"    0","T,,X"
"FRW00034071","1963-12-16","49.11667","5.46667","372.2","VERDUN, FR",,,,,"    0","T,,X"
"FRW00034071","1963-12-17","49.11667","5.46667","372.2","VERDUN, FR",,,,,"    0","T,,X"
"FRW00034071","1963-12-18","49.11667","5.46667","372.2","VERDUN, FR",,,,,"    0","T,,X"
"FRW00034071","1963-12-19","49.11667","5.46667","372.2","VERDUN, FR",,,,,"    0","T,,X"
"FRW00034071","1963-12-20","49.11667","5.46667","372.2","VERDUN, FR",,,,,"    0","T,,X"
"FRW00034071","1963-12-23","49.11667","5.46667","372.2","VERDUN, FR",,,,,"    0","T,,X"
"FRW00034071","1963-12-24","49.11667","5.46667","372.2","VERDUN, FR",,,,,"    0","T,,X"
"FRW00034071","1963-12-26","49.11667","5.46667","372.2","VERDUN, FR",,,,,"    0",",,X"
"FRW00034071","1963-12-27","49.11667","5.46667","372.2","VERDUN, FR",,,,,"    0",",,X"
"FRW00034071","1963-12-30","49.11667","5.46667","372.2","VERDUN, FR",,,,,"    0",",,X"
"FRW00034071","1963-12-31","49.11667","5.46667","372.2","VERDUN, FR",,,,,"    0",",,X"
"FRW00034071","1964-01-02","49.11667","5.46667","372.2","VERDUN, FR",,,,,"    0",",,X"
"FRW00034071","1964-01-03","49.11667","5.46667","372.2","VERDUN, FR",,,,,"    0",",,X"
"FRW00034071","1964-01-06","49.11667","5.46667","372.2","VERDUN, FR",,,,,"    0",",,X"
"FRW00034071","1964-01-07","49.11667","5.46667","372.2","VERDUN, FR",,,,,"    0",",,X"
"FRW00034071","1964-01-08","49.11667","5.46667","372.2","VERDUN, FR",,,,,"    0",",,X"
"FRW00034071","1964-01-09","49.11667","5.46667","372.2","VERDUN, FR",,,,,"    0",",,X"
"FRW00034071","1964-01-10","49.11667","5.46667","372.2","VERDUN, FR",,,,,"    0",",,X"
"FRW00034071","1964-01-14","49.11667","5.46667","372.2","VERDUN, FR",,,,,"    0",",,X"
"FRW00034071","1964-01-15","49.11667","5.46667","372.2","VERDUN, FR",,,,,"    0",",,X"
"FRW00034071","1964-01-16","49.11667","5.46667","372.2","VERDUN, FR",,,,,"    0",",,X"
"FRW00034071","1964-01-17","49.11667","5.46667","372.2","VERDUN, FR",,,,,"    0",",,X"
"FRW00034071","1964-01-20","49.11667","5.46667","372.2","VERDUN, FR",,,,,"    0",",,X"
"FRW00034071","1964-01-21","49.11667","5.46667","372.2","VERDUN, FR",,,,,"    0",",,X"
"FRW00034071","1964-01-22","49.11667","5.46667","372.2","VERDUN, FR",,,,,"    0",",,X"
"FRW00034071","1964-01-23","49.11667","5.46667","372.2","VERDUN, FR",,,,,"    0",",,X"
"FRW00034071","1964-01-24","49.11667","5.46667","372.2","VERDUN, FR",,,,,"    0",",,X"
"FRW00034071","1964-01-27","49.11667","5.46667","372.2","VERDUN, FR",,,,,"    0",",,X"
"FRW00034071","1964-01-28","49.11667","5.46667","372.2","VERDUN, FR",,,,,"    0",",,X"
"FRW00034071","1964-01-30","49.11667","5.46667","372.2","VERDUN, FR",,,,,"   51",",,X"
"FRW00034071","1964-01-31","49.11667","5.46667","372.2","VERDUN, FR",,,,,"    0",",,X"
"FRW00034071","1966-02-01","49.11667","5.46667","372.2","VERDUN, FR","    0",",,X",,,,
"FRW00034071","1966-02-02","49.11667","5.46667","372.2","VERDUN, FR","    0","T,,X",,,,
"FRW00034071","1966-02-03","49.11667","5.46667","372.2","VERDUN, FR","   18",",,X",,,,
"FRW00034071","1966-02-04","49.11667","5.46667","372.2","VERDUN, FR","    0",",,X",,,,
"FRW00034071","1966-02-05","49.11667","5.46667","372.2","VERDUN, FR","   64",",,X",,,,
"FRW00034071","1966-02-06","49.11667","5.46667","372.2","VERDUN, FR","    0",",,X",,,,
"FRW00034071","1966-02-07","49.11667","5.46667","372.2","VERDUN, FR","   43",",,X",,,,
"FRW00034071","1966-02-08","49.11667","5.46667","372.2","VERDUN, FR","   46",",,X",,,,
"FRW00034071","1966-02-09","49.11667","5.46667","372.2","VERDUN, FR","  140",",,X",,,,
"FRW00034071","1966-02-10","49.11667","5.46667","372.2","VERDUN, FR","  163",",,X",,,,
"FRW00034071","1966-02-11","49.11667","5.46667","372.2","VERDUN, FR","   18",",,X",,,,
"FRW00034071","1966-02-12","49.11667","5.46667","372.2","VERDUN, FR","  216",",,X",,,,
"FRW00034071","1966-02-13","49.11667","5.46667","372.2","VERDUN, FR","   13",",,X",,,,
"FRW00034071","1966-02-14","49.11667","5.46667","372.2","VERDUN, FR","    5",",,X",,,,
"FRW00034071","1966-02-15","49.11667","5.46667","372.2","VERDUN, FR","    0","T,,X",,,,
"FRW00034071","1966-02-16","49.11667","5.46667","372.2","VERDUN, FR","    0",",,X",,,,
"FRW00034071","1966-02-17","49.11667","5.46667","372.2","VERDUN, FR","   25",",,X",,,,
"FRW00034071","1966-02-18","49.11667","5.46667","372.2","VERDUN, FR","    8",",,X",,,,
"FRW00034071","1966-02-19","49.11667","5.46667","372.2","VERDUN, FR","    0","T,,X",,,,
"FRW00034071","1966-02-20","49.11667","5.46667","372.2","VERDUN, FR","   13",",,X",,,,
"FRW00034071","1966-02-21","49.11667","5.46667","372.2","VERDUN, FR","   46",",,X",,,,
"FRW00034071","1966-02-22","49.11667","5.46667","372.2","VERDUN, FR","   97",",,X",,,,
"FRW00034071","1966-02-23","49.11667","5.46667","372.2","VERDUN, FR","    8",",,X",,,,
"FRW00034071","1966-02-24","49.11667","5.46667","372.2","VERDUN, FR","   18",",,X",,,,
"FRW00034071","1966-02-25","49.11667","5.46667","372.2","VERDUN, FR","   20",",,X",,,,
"FRW00034071","1966-02-26","49.11667","5.46667","372.2","VERDUN, FR","   18",",,X",,,,
"FRW00034071","1966-02-27","49.11667","5.46667","372.2","VERDUN, FR","   20",",,X",,,,
"FRW00034071","1966-02-28","49.11667","5.46667","372.2","VERDUN, FR","  234",",,X",,,,
"FRW00034071","1966-03-01","49.11667","5.46667","372.2","VERDUN, FR","    8",",,X",,,,
"FRW00034071","1966-03-02","49.11667","5.46667","372.2","VERDUN, FR","    0",",,X",,,,
"FRW00034071","1966-03-03","49.11667","5.46667","372.2","VERDUN, FR","    0",",,X",,,,
"FRW00034071","1966-03-04","49.11667","5.46667","372.2","VERDUN, FR","    5",",,X",,,,
"FRW00034071","1966-03-05","49.11667","5.46667","372.2","VERDUN, FR","    0",",,X",,,,
"FRW00034071","1966-03-06","49.11667","5.46667","372.2","VERDUN, FR","    0",",,X",,,,
"FRW00034071","1966-03-07","49.11667","5.46667","372.2","VERDUN, FR","    0",",,X",,,,
"FRW00034071","1966-03-08","49.11667","5.46667","372.2","VERDUN, FR","    0",",,X",,,,
"FRW00034071","1966-03-09","49.11667","5.46667","372.2","VERDUN, FR","    0",",,X",,,,
"FRW00034071","1966-03-10","49.11667","5.46667","372.2","VERDUN, FR","    0",",,X",,,,
"FRW00034071","1966-03-11","49.11667","5.46667","372.2","VERDUN, FR","   51",",,X",,,,
"FRW00034071","1966-03-12","49.11667","5.46667","372.2","VERDUN, FR","   25",",,X",,,,
"FRW00034071","1966-03-13","49.11667","5.46667","372.2","VERDUN, FR","   28",",,X",,,,
"FRW00034071","1966-03-15","49.11667","5.46667","372.2","VERDUN, FR","    0",",,X",,,,
"FRW00034071","1966-03-16","49.11667","5.46667","372.2","VERDUN, FR","    0",",,X",,,,
"FRW00034071","1966-03-17","49.11667","5.46667","372.2","VERDUN, FR","    0",",,X",,,,
"FRW00034071","1966-03-18","49.11667","5.46667","372.2","VERDUN, FR","   15",",,X",,,,
"FRW00034071","1966-03-19","49.11667","5.46667","372.2","VERDUN, FR","    8",",,X",,,,
"FRW00034071","1966-03-20","49.11667","5.46667","372.2","VERDUN, FR","    0","T,,X",,,,
"FRW00034071","1966-03-21","49.11667","5.46667","372.2","VERDUN, FR","    0",",,X",,,,
"FRW00034071","1966-03-22","49.11667","5.46667","372.2","VERDUN, FR","    0",",,X",,,,
"FRW00034071","1966-03-23","49.11667","5.46667","372.2","VERDUN, FR","    0","T,,X",,,,
"FRW00034071","1966-03-24","49.11667","5.46667","372.2","VERDUN, FR","   56",",,X",,,,
"FRW00034071","1966-03-25","49.11667","5.46667","372.2","VERDUN, FR","   28",",,X",,,,
"FRW00034071","1966-03-26","49.11667","5.46667","372.2","VERDUN, FR","   18",",,X",,,,
"FRW00034071","1966-03-27","49.11667","5.46667","372.2","VERDUN, FR","   81",",,X",,,,
"FRW00034071","1966-03-28","49.11667","5.46667","372.2","VERDUN, FR","  168",",,X",,,,
"FRW00034071","1966-03-29","49.11667","5.46667","372.2","VERDUN, FR","   86",",,X",,,,
"FRW00034071","1966-03-30","49.11667","5.46667","372.2","VERDUN, FR","    8",",,X",,,,
"FRW00034071","1966-03-31","49.11667","5.46667","372.2","VERDUN, FR","   10",",,X",,,,
"FRW00034071","1966-04-01","49.11667","5.46667","372.2","VERDUN, FR","    0",",,X",,,"    0",",,X"
"FRW00034071","1966-04-02","49.11667","5.46667","372.2","VERDUN, FR","   20",",,X",,,"    0",",,X"
"FRW00034071","1966-04-03","49.11667","5.46667","372.2","VERDUN, FR","    0","T,,X",,,"    0",",,X"
"FRW00034071","1966-04-04","49.11667","5.46667","372.2","VERDUN, FR","    0","T,,X",,,"    0",",,X"
"FRW00034071","1966-04-05","49.11667","5.46667","372.2","VERDUN, FR","    0",",,X",,,"    0",",,X"
"FRW00034071","1966-04-06","49.11667","5.46667","372.2","VERDUN, FR","   18",",,X",,,"    0",",,X"
"FRW00034071","1966-04-07","49.11667","5.46667","372.2","VERDUN, FR","   10",",,X",,,"    0",",,X"
"FRW00034071","1966-04-08","49.11667","5.46667","372.2","VERDUN, FR","   33",",,X",,,"    0",",,X"
"FRW00034071","1966-04-09","49.11667","5.46667","372.2","VERDUN, FR","   38",",,X",,,"    0",",,X"
"FRW00034071","1966-04-10","49.11667","5.46667","372.2","VERDUN, FR","  132",",,X",,,"    0",",,X"
"FRW00034071","1966-04-11","49.11667","5.46667","372.2","VERDUN, FR","   28",",,X",,,"    0",",,X"
"FRW00034071","1966-04-12","49.11667","5.46667","372.2","VERDUN, FR","   15",",,X",,,"    0",",,X"
"FRW00034071","1966-04-13","49.11667","5.46667","372.2","VERDUN, FR","   25",",,X",,,"    0",",,X"
"FRW00034071","1966-04-14","49.11667","5.46667","372.2","VERDUN, FR","   53",",,X",,,"    0",",,X"
"FRW00034071","1966-04-15","49.11667","5.46667","372.2","VERDUN, FR","  117",",,X",,,"    0",",,X"
"FRW00034071","1966-04-16","49.11667","5.46667","372.2","VERDUN, FR","  102",",,X",,,"    0",",,X"
"FRW00034071","1966-04-17","49.11667","5.46667","372.2","VERDUN, FR","   25",",,X",,,"    0",",,X"
"FRW00034071","1966-04-18","49.11667","5.46667","372.2","VERDUN, FR","  173",",,X",,,"    0",",,X"
"FRW00034071","1966-04-19","49.11667","5.46667","372.2","VERDUN, FR","   48",",,X",,,"    0",",,X"
"FRW00034071","1966-04-20","49.11667","5.46667","372.2","VERDUN, FR","   10",",,X",,,"    0",",,X"
"FRW00034071","1966-04-21","49.11667","5.46667","372.2","VERDUN, FR","    8",",,X",,,"    0",",,X"
"FRW00034071","1966-04-22","49.11667","5.46667","372.2","VERDUN, FR","    5",",,X",,,"    0",",,X"
"FRW00034071","1966-04-23","49.11667","5.46667","372.2","VERDUN, FR","    5",",,X",,,"    0",",,X"
"FRW00034071","1966-04-24","49.11667","5.46667","372.2","VERDUN, FR","  132",",,X",,,"    0",",,X"
"FRW00034071","1966-04-25","49.11667","5.46667","372.2","VERDUN, FR","   25",",,X",,,"    0",",,X"
"FRW00034071","1966-04-26","49.11667","5.46667","372.2","VERDUN, FR","    0","T,,X",,,"    0",",,X"
"FRW00034071","1966-04-27","49.11667","5.46667","372.2","VERDUN, FR","   10",",,X",,,"    0",",,X"
"FRW00034071","1966-04-28","49.11667","5.46667","372.2","VERDUN, FR","    0",",,X",,,"    0",",,X"
"FRW00034071","1966-04-29","49.11667","5.46667","372.2","VERDUN, FR","    0",",,X",,,"    0",",,X"
"FRW00034071","1966-04-30","49.11667","5.46667","372.2","VERDUN, FR","    0",",,X",,,"    0",",,X"
"FRW00034071","1966-05-01","49.11667","5.46667","372.2","VERDUN, FR","    0",",,X",,,,
"FRW00034071","1966-05-02","49.11667","5.46667","372.2","VERDUN, FR","    0",",,X",,,,
"FRW00034071","1966-05-03","49.11667","5.46667","372.2","VERDUN, FR","    0",",,X",,,,
"FRW00034071","1966-05-04","49.11667","5.46667","372.2","VERDUN, FR","   66",",,X",,,,
"FRW00034071","1966-05-05","49.11667","5.46667","372.2","VERDUN, FR","   71",",,X",,,,
"FRW00034071","1966-05-06","49.11667","5.46667","372.2","VERDUN, FR","   53",",,X",,,,
"FRW00034071","1966-05-07","49.11667","5.46667","372.2","VERDUN, FR","    8",",,X",,,,
"FRW00034071","1966-05-08","49.11667","5.46667","372.2","VERDUN, FR","    8",",,X",,,,
"FRW00034071","1966-05-09","49.11667","5.46667","372.2","VERDUN, FR","   28",",,X",,,,
"FRW00034071","1966-05-10","49.11667","5.46667","372.2","VERDUN, FR","   33",",,X",,,,
"FRW00034071","1966-05-11","49.11667","5.46667","372.2","VERDUN, FR","    0",",,X",,,,
"FRW00034071","1966-05-12","49.11667","5.46667","372.2","VERDUN, FR","    0",",,X",,,,
"FRW00034071","1966-05-13","49.11667","5.46667","372.2","VERDUN, FR","    0",",,X",,,,
"FRW00034071","1966-05-14","49.11667","5.46667","372.2","VERDUN, FR","    0",",,X",,,,
"FRW00034071","1966-05-15","49.11667","5.46667","372.2","VERDUN, FR","    0",",,X",,,,
"FRW00034071","1966-05-16","49.11667","5.46667","372.2","VERDUN, FR","    0",",,X",,,,
"FRW00034071","1966-05-17","49.11667","5.46667","372.2","VERDUN, FR","    0",",,X",,,,
"FRW00034071","1966-05-19","49.11667","5.46667","372.2","VERDUN, FR","   13",",,X",,,,
"FRW00034071","1966-05-20","49.11667","5.46667","372.2","VERDUN, FR","    0",",,X",,,,
"FRW00034071","1966-05-21","49.11667","5.46667","372.2","VERDUN, FR","   23",",,X",,,,
"FRW00034071","1966-05-22","49.11667","5.46667","372.2","VERDUN, FR","    0",",,X",,,,
"FRW00034071","1966-05-23","49.11667","5.46667","372.2","VERDUN, FR","  127",",,X",,,,
"FRW00034071","1966-05-24","49.11667","5.46667","372.2","VERDUN, FR","    0",",,X",,,,
"FRW00034071","1966-05-25","49.11667","5.46667","372.2","VERDUN, FR","   20",",,X",,,,
"FRW00034071","1966-05-26","49.11667","5.46667","372.2","VERDUN, FR","   46",",,X",,,,
"FRW00034071","1966-05-27","49.11667","5.46667","372.2","VERDUN, FR","    8",",,X",,,,
"FRW00034071","1966-05-28","49.11667","5.46667","372.2","VERDUN, FR","    0",",,X",,,,
"FRW00034071","1966-05-29","49.11667","5.46667","372.2","VERDUN, FR","    0",",,X",,,,
"FRW00034071","1966-05-30","49.11667","5.46667","372.2","VERDUN, FR","    0",",,X",,,,
"FRW00034071","1966-05-31","49.11667","5.46667","372.2","VERDUN, FR","    0",",,X",,,,
